Colorplus, 687072925111, 652704923683, 682785722669, 655339853423, 647171224063, 628307193295, 632914663956, 651437685725, 660926421920, 682617627101, 677125094976, 624741868502, 648360179484, 636330706963, 667839579721, 665120614908, 659350454955, 670365830287, 655669639217, 619157461665
Sennheiser, 685191208188, 666903244466, 239841, 667912839830, 111854, 983849262, 643942256787, 239832, 645206586357, 660348960498, 625696733530, 637291768160, 629533992599, 89761, 623949389228, 622292489814, 648185450834, 1555135004, 654755869713, 662387581128
HTC, 655196030156, 643103848564, 639506997362, 654574532864, 628581510481, 1137197880, 1772028844, 681486700072, 184636, 648547511856, 673328626801, 684561948026, 639801588504, 680352636167, 628290387800, 533085, 658453093779, 656076271277, 645236587665, 679095764059
Casio, 1419520667, 686894436524, 1140613706, 94175, 291480, 660313466212, 637696637343, 633433746177, 671216454791, 637064, 2059910954, 58933, 654375547935, 2011927108, 640749134505, 662802368003, 126370, 666346716646, 670262161621, 1306846511
Sonata, 1384098, 623523632739, 1922970702, 610037, 661608809088, 821910123, 656507895526, 1389568, 636346465660, 1308232351, 624630964115, 1958799040, 628114992531, 1268154961, 653691524, 618709908822, 662923778093, 1607287461, 1347103, 624978241103
Apple, 623492604713, 233809164, 651352291345, 643012537677, 630913193322, 1463538, 686758116019, 674514137267, 672907358695, 620680976789, 682801704314, 1086528, 629144029131, 666310409458, 673362642550, 621051160627, 683442266032, 670717222473, 49159, 677703783902
Panasonic, 649780403092, 673297150859, 660821867235, 641236166742, 630545205012, 623235298568, 1337439, 1391927952, 648905629778, 663525686871, 1071092544, 1405393034, 662976523886, 257970, 1404117, 661616816659, 1347393, 628820517380, 61954, 1456182
Puma, 626512269742, 654224413991, 657667589919, 1725839448, 1065974714, 621006773412, 619761236965, 645956695400, 659014111297, 623194625730, 672662348626, 656480369627, 650560633152, 661865940825, 1988124163, 629565173459, 640428435258, 620113169406, 656937318400, 679577116532
Tag Heuer, 652210065470, 317717453, 636018027771, 713619224, 680504915523, 651056186921, 668176053428, 684939284026, 623073958185, 648771978739, 625449381376, 851377430, 650686019265, 636969271949, 662011349911, 2073574018, 1602236930, 651293266610, 664632885153, 1593076373
Jockey, 677196323855, 630331369030, 666274127748, 639982188763, 640395191925, 141720, 670828622244, 677562899701, 684411583441, 650723523180, 650452232669, 1358731897, 677060438750, 654957556787, 644421318011, 625866846204, 1150851727, 621382764678, 671628512437, 683953133821
Red Tape, 685639910131, 678174487447, 658344036408, 657156497300, 625683610350, 855218330, 652896938570, 674633373717, 678978375368, 672711163585, 675772191193, 677237915229, 680804388020, 630973239233, 634992253118, 629971275130, 647003130573, 671619495177, 651262274475, 623864518707
Samsung, 673962772659, 624218347613, 671414591297, 646644332755, 656727923145, 649813161568, 654205531151, 683982328553, 658440306134, 625918067241, 127394, 637227066050, 659659189751, 683135005761, 620118828793, 628810607040, 636736540277, 635348824460, 2055956927, 661248311222
Fastrack, 640909806320, 1472751117, 620481805654, 636311543974, 637745431335, 633088894607, 94161, 662825964142, 120891, 681879817705, 643411099614, 645126177251, 652911166456, 615631, 654912872810, 1905969829, 27445, 224027, 655161694157, 647994310469
Intex, 650926758273, 1019115708, 213351019, 658046586144, 1000543530, 638702943235, 231770, 656255609292, 664155380461, 769420071, 641297302756, 653881949467, 660939037394, 631865060808, 654541006664, 79771240, 54349, 661410987430, 670505660307, 625052987138
Spykar, 625005139185, 633759769258, 632953731602, 633567732867, 673626005070, 662959157036, 673329232390, 678296133115, 651891941923, 682002134751, 643416700704, 674058941363, 678167059962, 671612329200, 627784030817, 681121282765, 674642847714, 645601990502, 653012986961, 651057186468
Polo, 681527998534, 665262, 120865, 622472451099, 671366107168, 654909244824, 632828845603, 120858, 64668, 30378, 1234509003, 637631383787, 627886176214, 654746364643, 682956973943, 628364974326, 686014268990, 681184526777, 665187, 673140043682
Lenovo, 541541, 652534452144, 628669052524, 651047894811, 652052848809, 675485556801, 667611583866, 1250454542, 932387995, 672769078287, 636147778, 644225112964, 1150029523, 667442110355, 648553649982, 631947555926, 667788416930, 635259, 630914222182, 234682877
Raymond, 671732336206, 517898202, 623391861691, 625377319428, 631218777028, 680643540008, 681400206640, 1978767072, 667492848370, 674679703670, 666414785098, 632195314654, 10064010, 652134994265, 660832002174, 625745572848, 658570114780, 668790366729, 625855220079, 652656297821
Timex, 660427725560, 16165, 400294124, 128106, 1374549108, 1302181987, 2028205482, 88722, 968099387, 103002, 1622139124, 1305962351, 73860, 643115958355, 1454560306, 644354883682, 344668464, 2128748909, 1216803371, 1233696014
Converse, 1335240148, 669179352635, 652135921925, 671151883932, 620765649958, 619905097431, 674309240297, 1039199155, 646675932405, 641085249510, 886002214, 240270, 638076383115, 660710098112, 665567258317, 627229202829, 681453980197, 143971, 658482730701, 1302766258
Reebok, 642101877069, 1083275267, 685903116541, 680195368190, 678376493473, 295862101, 638400171180, 632472607878, 634341005647, 2029877474, 654054352219, 2005052388, 627361452456, 671806706840, 664337614946, 667128915982, 670872637439, 678197107325, 679952377045, 629284979906
Macroman, 683511749119, 685077465085, 1655145157, 620932891677, 685693062784, 950932860, 619064721732, 546961362, 670675678549, 634682757544, 1134410902, 625069120233, 639482440317, 627044098454, 634619496193, 652340374209, 673358583273, 15851511, 1001877794, 633347119994
Lee Cooper, 627834544294, 629399603093, 452552178, 750016435, 680868722571, 666769326813, 627829150374, 648717154489, 747354634, 665506281667, 953595377, 1522148273, 676182367488, 1754928194, 619341944963, 668020329549, 656393935804, 617664220, 651988904159, 361747897
Micromax, 350623569, 633785003332, 500597815, 621575421801, 631277813411, 673222809476, 630774769253, 679792077873, 633038732852, 681366893662, 672464606412, 1805684075, 629630242161, 597235, 663777100857, 7217, 623435230894, 635508777657, 628031232729, 667527003
Euro, 670150355079, 660862987570, 670911510016, 649733147951, 631925717427, 670085434016, 669978242924, 621456234757, 667505244162, 640284636132, 625276156437, 624699295279, 632322285371, 678965467271, 641649219960, 671653457895, 675363075585, 658358819659, 650015221174, 682397567054
Vivo, 653884644920, 638339481123, 668279242024, 668430442267, 645541888672, 653082616138, 645070590292, 675699898743, 657352105736, 648666277839, 665167776702, 625608731590, 618520547201, 641308393264, 663282235217, 626735147680, 652168716591, 685957935299, 638036860505, 621558908871
Oppo, 668274431328, 643312690630, 626468292507, 633562007743, 676794837200, 685908655040, 653575114482, 634528695148, 685107246944, 619667020837, 670564638234, 680505254861, 679556356398, 643926647971, 681078867948, 624841245534, 685433810916, 678732063641, 637886660101, 682328577597
Fila, 668004422525, 663143768915, 1589037949, 2108493794, 656301655021, 663617165922, 660254158544, 680721830378, 567839749, 671462258559, 592316, 622001598445, 662511233003, 623514798370, 684114311710, 1656392989, 664009962487, 629431514985, 514657096, 659322209191
Skullcandy, 681698059737, 642355253564, 665263883213, 643676034828, 634445084364, 638962756591, 885980080, 25086, 25060, 655097380447, 222669, 666692774702, 660979291547, 464821518, 662978, 624054452752, 652187749426, 644623037886, 1719802416, 634807660795
Xiaomi, 628074762398, 627240975986, 646818933280, 656491886214, 667646709748, 655938231875, 676556435413, 619053875688, 659821121846, 675505949894, 672496609441, 681719801510, 682408031826, 678561641758, 633784134531, 621703460742, 659195503210, 654762078567, 667430060729, 663493616378
HP, 1943015490, 675557672612, 679899471630, 675008420249, 546156160, 1574851910, 165993591, 657791382945, 1286147720, 1773650745, 595880169, 636422055818, 666362930472, 1440781422, 665028988970, 623483044548, 209885702, 2073135917, 664199185071, 683040962871
Arrow, 668183289451, 631361484195, 642441435406, 661210702425, 675926665421, 1823663689, 623649024235, 628208200261, 648363776389, 685226877787, 660093751527, 1957337478, 643476748814, 619890592005, 659688140833, 662864580712, 666329550293, 651908142155, 644505068642, 638466135325
Wrangler, 626838223290, 626857464630, 682514423924, 659074863136, 1271562865, 660108909229, 1487373100, 1658082372, 647701332068, 1974890993, 642033592044, 465198700, 651521869559, 649550693899, 630176863833, 620889646621, 619641181955, 650507274806, 660641952718, 115644795
Flying Machine, 674077688848, 685258465373, 667710783502, 682439270446, 623604921854, 633916317909, 630537353564, 634502385150, 662593364028, 630451655916, 686152812182, 647868073200, 632270329346, 649417659881, 623166581547, 648208214804, 645865388197, 662064301904, 677800509233, 628328552150
Sony, 635054099502, 643949816942, 668501714674, 678692858130, 57532, 686819743, 658778644752, 678569560687, 133082, 682191854074, 632314827098, 1870857594, 655293310505, 676765637064, 678464994317, 672015452099, 655149517608, 630185302400, 1620974605, 569111961
LG, 671249724387, 647810759194, 658307614868, 662551157720, 683500732655, 676205852341, 622087265962, 650362518965, 1122709702, 631888276706, 669550324443, 653639199, 640473206163, 419935, 641698377809, 685022860268, 1379458, 631660751852, 660877535763, 633436427300
Mufti, 682080995820, 661280919398, 625553495390, 635450947251, 650530423649, 672613232079, 666252842591, 649660242321, 645409830497, 662587402137, 622541287860, 674181580625, 641541128400, 630123701285, 623346610844, 631229848036, 622699180468, 628000979364, 641250159929, 651614584597
Nike, 667473058594, 686647866472, 642630463671, 622569675437, 645290087750, 667189229985, 625914994039, 631519117963, 645579842412, 648643209459, 645709614292, 672779559972, 650593865810, 629070383933, 621288777835, 638525037641, 637692076323, 673080040883, 634673426274, 654835515518
Gionee, 670903127938, 680980429068, 634481123826, 631197159594, 655716697134, 638257479837, 630564191419, 685707660130, 675130389535, 66425881, 636567070702, 639461896791, 647255754931, 684413155941, 683824022921, 681226318970, 665566487144, 664437206117, 665258377342, 673011724214
Adidas, 680487322451, 680970078877, 1956965693, 46831476, 637788150677, 677014758865, 630815841476, 682879254391, 681690468067, 645074207017, 641570263518, 670159031994, 661124152515, 674157529425, 633945903847, 633252916450, 621126051883, 667069144412, 632103863028, 625621961726
Lava, 637976476997, 632631952507, 1067064704, 645077865115, 661962025773, 2140117317, 671785919407, 61562, 645934786737, 674896274496, 632137474, 661239255959, 627132831739, 620086024434, 1035933452, 684097537211, 659132048322, 647635636312, 660228994658, 644564794612